first_name,last_name,email,username,password,title
Lorianne,Nottle,lnottle0@wp.com,lnottle0,VrQpmk,employee
Cleopatra,Melhuish,cmelhuish1@sphinn.com,cmelhuish1,aBWHOF7Vsoe,employee
Juditha,Cashin,jcashin2@google.it,jcashin2,knliqeYs,employee
Missie,Kira,mkira3@joomla.org,mkira3,htVrh7Tiq8tV,employee
Major,Searjeant,msearjeant4@reuters.com,msearjeant4,OkOWTAfm,employee
Guss,Graeber,ggraeber5@noaa.gov,ggraeber5,0nSQPF,employee
Minni,Grouse,mgrouse6@symantec.com,mgrouse6,ObTKyUgn0qFv,employee
Geordie,Eagland,geagland7@wix.com,geagland7,jp1ZCl,employee
Haslett,Waylen,hwaylen8@youtu.be,hwaylen8,pTJiF6yUvRP,employee
Nikki,Hance,nhance9@jugem.jp,nhance9,gm6AWQ,employee
Cory,Warden,12cwarden@gmail.com,12cwarden,1234,manager
test,test,test,test,test,employee

