id,first_name,last_name,email,username,pw
1,Carol-jean,Staden,cstaden0@chron.com,cstaden0,fyLacIH,employee
2,Charmian,Levet,clevet1@xing.com,clevet1,aYI2Lo,employee
3,Quill,Pawelczyk,qpawelczyk2@ovh.net,qpawelczyk2,NVz5e6NAP,employee
4,Way,Huot,whuot3@pbs.org,whuot3,H8KQSo1VZ5b1,employee
5,Constantino,Strooband,cstrooband4@imageshack.us,cstrooband4,14doeXzGzBcH,employee
6,Gussi,Glasper,gglasper5@washingtonpost.com,gglasper5,4LTMaLr3nxjF,employee
7,Nissa,Crecy,ncrecy6@jugem.jp,ncrecy6,6ZWDcTOO,employee
8,Lukas,Galway,lgalway7@epa.gov,lgalway7,AFNxB1AQp,employee
9,Garik,Endrici,gendrici8@quantcast.com,gendrici8,TBMpMG3hECO,employee
10,Missie,Bernakiewicz,mbernakiewicz9@webs.com,mbernakiewicz9,mdaSkJtrwxfY,employee
11,admin,admin,admin@gmail.com,admin,admin,manager
